2092094721,tiltediedixiss,arnat.,2025-07-13 14:50:22
2092094721,tiltediedixiss,arnat.,2025-07-13 14:50:35
2092094721,tiltediedixiss,arnat.,ru,2025-07-13 14:52:37
2092094721,tiltediedixiss,arnat.,kg,2025-07-13 14:52:42
2092094721,tiltediedixiss,arnat.,ru,2025-07-13 15:04:52
665845499,Gulnurra_83,Gulnurra_83,,2025-07-13 15:13:05
2092094721,tiltediedixiss,arnat.,ru,2025-07-13 15:19:54
2092094721,tiltediedixiss,arnat.,ru,2025-07-13 15:27:24
2092094721,tiltediedixiss,arnat.,kg,2025-07-13 15:42:59
2092094721,tiltediedixiss,arnat.,ru,2025-07-15 01:25:15
2092094721,tiltediedixiss,arnat.,kg,2025-07-15 01:31:53
1128446527,l1ttleoneshome,akzhanar,ru,2025-07-15 17:53:11
2092094721,tiltediedixiss,arnat.,ru,2025-08-05 20:13:06
665845499,Gulnurra_83,Gulnurra_83,ru,2025-08-09 22:56:16
